Data,Profissional,Valor Total
08/09/2026,Lucas Sanches - CREFITO: 423887,62.222222222222
08/09/2026,Lucas Sanches - CREFITO: 423887,62.5
08/09/2026,Lucas Sanches - CREFITO: 423887,59.166666666667
08/09/2026,Lucas Sanches - CREFITO: 423887,62.222222222222
08/09/2026,Lucas Sanches - CREFITO: 423887,58.75
08/09/2026,Lucas Sanches - CREFITO: 423887,59.166666666667
09/09/2026,Lucas Sanches - CREFITO: 423887,62.916666666667
09/09/2026,Lucas Sanches - CREFITO: 423887,56.0
10/09/2026,Lucas Sanches - CREFITO: 423887,56.0
10/09/2026,Lucas Sanches - CREFITO: 423887,62.5
10/09/2026,Lucas Sanches - CREFITO: 423887,62.222222222222
10/09/2026,Lucas Sanches - CREFITO: 423887,62.222222222222
10/09/2026,Lucas Sanches - CREFITO: 423887,62.916666666667
11/09/2026,Lucas Sanches - CREFITO: 423887,62.222222222222
11/09/2026,Lucas Sanches - CREFITO: 423887,62.5
11/09/2026,Lucas Sanches - CREFITO: 423887,50.0
11/09/2026,Lucas Sanches - CREFITO: 423887,58.75
14/09/2026,Lucas Sanches - CREFITO: 423887,56.0
14/09/2026,Lucas Sanches - CREFITO: 423887,70.0
14/09/2026,Lucas Sanches - CREFITO: 423887,62.916666666667
14/09/2026,Lucas Sanches - CREFITO: 423887,59.166666666667
14/09/2026,Lucas Sanches - CREFITO: 423887,50.0
14/09/2026,Lucas Sanches - CREFITO: 423887,62.916666666667
15/09/2026,Lucas Sanches - CREFITO: 423887,56.0
15/09/2026,Lucas Sanches - CREFITO: 423887,62.222222222222
15/09/2026,Lucas Sanches - CREFITO: 423887,62.5
15/09/2026,Lucas Sanches - CREFITO: 423887,62.222222222222
16/09/2026,Lucas Sanches - CREFITO: 423887,62.5
16/09/2026,Lucas Sanches - CREFITO: 423887,62.916666666667
16/09/2026,Lucas Sanches - CREFITO: 423887,180.0
17/09/2026,Lucas Sanches - CREFITO: 423887,70.0
17/09/2026,Lucas Sanches - CREFITO: 423887,62.5
17/09/2026,Lucas Sanches - CREFITO: 423887,62.5
17/09/2026,Lucas Sanches - CREFITO: 423887,62.222222222222
17/09/2026,Lucas Sanches - CREFITO: 423887,62.916666666667
21/09/2026,Lucas Sanches - CREFITO: 423887,56.0
21/09/2026,Lucas Sanches - CREFITO: 423887,62.916666666667
21/09/2026,Lucas Sanches - CREFITO: 423887,56.0
21/09/2026,Lucas Sanches - CREFITO: 423887,62.5
21/09/2026,Lucas Sanches - CREFITO: 423887,50.0
21/09/2026,Lucas Sanches - CREFITO: 423887,58.75
22/09/2026,Lucas Sanches - CREFITO: 423887,67.5
22/09/2026,Lucas Sanches - CREFITO: 423887,59.166666666667
22/09/2026,Lucas Sanches - CREFITO: 423887,62.5
24/09/2026,Lucas Sanches - CREFITO: 423887,74.0
24/09/2026,Lucas Sanches - CREFITO: 423887,62.222222222222
24/09/2026,Lucas Sanches - CREFITO: 423887,62.916666666667
25/09/2026,Lucas Sanches - CREFITO: 423887,0.0
25/09/2026,Lucas Sanches - CREFITO: 423887,67.5
25/09/2026,Lucas Sanches - CREFITO: 423887,0.0
28/09/2026,Lucas Sanches - CREFITO: 423887,0.0
28/09/2026,Lucas Sanches - CREFITO: 423887,67.5
28/09/2026,Lucas Sanches - CREFITO: 423887,56.0
28/09/2026,Lucas Sanches - CREFITO: 423887,62.5
28/09/2026,Lucas Sanches - CREFITO: 423887,50.0
28/09/2026,Lucas Sanches - CREFITO: 423887,54.996666666667
28/09/2026,Lucas Sanches - CREFITO: 423887,62.916666666667
29/09/2026,Lucas Sanches - CREFITO: 423887,0.0
29/09/2026,Lucas Sanches - CREFITO: 423887,62.222222222222
29/09/2026,Lucas Sanches - CREFITO: 423887,62.5
29/09/2026,Lucas Sanches - CREFITO: 423887,59.166666666667
30/09/2026,Lucas Sanches - CREFITO: 423887,62.916666666667
01/10/2026,Lucas Sanches - CREFITO: 423887,62.5
01/10/2026,Lucas Sanches - CREFITO: 423887,62.916666666667
02/10/2026,Lucas Sanches - CREFITO: 423887,67.5
02/10/2026,Lucas Sanches - CREFITO: 423887,59.166666666667
08/09/2026,João Marcos de Oliveira Matos - CREFITO: xxxx,62.5
08/09/2026,João Marcos de Oliveira Matos - CREFITO: xxxx,59.166666666667
08/09/2026,João Marcos de Oliveira Matos - CREFITO: xxxx,52.222222222222
08/09/2026,João Marcos de Oliveira Matos - CREFITO: xxxx,59.166666666667
08/09/2026,João Marcos de Oliveira Matos - CREFITO: xxxx,62.5
08/09/2026,João Marcos de Oliveira Matos - CREFITO: xxxx,49.5
08/09/2026,João Marcos de Oliveira Matos - CREFITO: xxxx,61.75
08/09/2026,João Marcos de Oliveira Matos - CREFITO: xxxx,67.5
08/09/2026,João Marcos de Oliveira Matos - CREFITO: xxxx,58.125
08/09/2026,João Marcos de Oliveira Matos - CREFITO: xxxx,55.0
08/09/2026,João Marcos de Oliveira Matos - CREFITO: xxxx,49.5
08/09/2026,João Marcos de Oliveira Matos - CREFITO: xxxx,49.5
08/09/2026,João Marcos de Oliveira Matos - CREFITO: xxxx,59.166666666667
08/09/2026,João Marcos de Oliveira Matos - CREFITO: xxxx,58.958333333333
08/09/2026,João Marcos de Oliveira Matos - CREFITO: xxxx,59.166666666667
08/09/2026,João Marcos de Oliveira Matos - CREFITO: xxxx,62.5
08/09/2026,João Marcos de Oliveira Matos - CREFITO: xxxx,59.166666666667
08/09/2026,João Marcos de Oliveira Matos - CREFITO: xxxx,62.5
10/09/2026,João Marcos de Oliveira Matos - CREFITO: xxxx,62.5
10/09/2026,João Marcos de Oliveira Matos - CREFITO: xxxx,59.166666666667
10/09/2026,João Marcos de Oliveira Matos - CREFITO: xxxx,59.166666666667
10/09/2026,João Marcos de Oliveira Matos - CREFITO: xxxx,62.5
10/09/2026,João Marcos de Oliveira Matos - CREFITO: xxxx,49.5
10/09/2026,João Marcos de Oliveira Matos - CREFITO: xxxx,59.166666666667
10/09/2026,João Marcos de Oliveira Matos - CREFITO: xxxx,59.166666666667
10/09/2026,João Marcos de Oliveira Matos - CREFITO: xxxx,62.5
10/09/2026,João Marcos de Oliveira Matos - CREFITO: xxxx,49.5
10/09/2026,João Marcos de Oliveira Matos - CREFITO: xxxx,70.0
10/09/2026,João Marcos de Oliveira Matos - CREFITO: xxxx,62.916666666667
10/09/2026,João Marcos de Oliveira Matos - CREFITO: xxxx,61.75
10/09/2026,João Marcos de Oliveira Matos - CREFITO: xxxx,100.0
10/09/2026,João Marcos de Oliveira Matos - CREFITO: xxxx,67.5
10/09/2026,João Marcos de Oliveira Matos - CREFITO: xxxx,49.5
10/09/2026,João Marcos de Oliveira Matos - CREFITO: xxxx,49.5
10/09/2026,João Marcos de Oliveira Matos - CREFITO: xxxx,62.5
10/09/2026,João Marcos de Oliveira Matos - CREFITO: xxxx,62.5
10/09/2026,João Marcos de Oliveira Matos - CREFITO: xxxx,58.958333333333
10/09/2026,João Marcos de Oliveira Matos - CREFITO: xxxx,59.166666666667
10/09/2026,João Marcos de Oliveira Matos - CREFITO: xxxx,59.166666666667
10/09/2026,João Marcos de Oliveira Matos - CREFITO: xxxx,62.5
11/09/2026,João Marcos de Oliveira Matos - CREFITO: xxxx,110.0
11/09/2026,João Marcos de Oliveira Matos - CREFITO: xxxx,110.0
11/09/2026,João Marcos de Oliveira Matos - CREFITO: xxxx,0.0
15/09/2026,João Marcos de Oliveira Matos - CREFITO: xxxx,62.5
15/09/2026,João Marcos de Oliveira Matos - CREFITO: xxxx,74.0
15/09/2026,João Marcos de Oliveira Matos - CREFITO: xxxx,49.5
15/09/2026,João Marcos de Oliveira Matos - CREFITO: xxxx,59.166666666667
15/09/2026,João Marcos de Oliveira Matos - CREFITO: xxxx,62.5
15/09/2026,João Marcos de Oliveira Matos - CREFITO: xxxx,62.916666666667
15/09/2026,João Marcos de Oliveira Matos - CREFITO: xxxx,61.75
15/09/2026,João Marcos de Oliveira Matos - CREFITO: xxxx,67.5
15/09/2026,João Marcos de Oliveira Matos - CREFITO: xxxx,62.5
15/09/2026,João Marcos de Oliveira Matos - CREFITO: xxxx,62.916666666667
15/09/2026,João Marcos de Oliveira Matos - CREFITO: xxxx,49.5
15/09/2026,João Marcos de Oliveira Matos - CREFITO: xxxx,55.0
15/09/2026,João Marcos de Oliveira Matos - CREFITO: xxxx,67.5
15/09/2026,João Marcos de Oliveira Matos - CREFITO: xxxx,62.5
15/09/2026,João Marcos de Oliveira Matos - CREFITO: xxxx,58.958333333333
15/09/2026,João Marcos de Oliveira Matos - CREFITO: xxxx,59.166666666667
15/09/2026,João Marcos de Oliveira Matos - CREFITO: xxxx,67.5
15/09/2026,João Marcos de Oliveira Matos - CREFITO: xxxx,59.166666666667
15/09/2026,João Marcos de Oliveira Matos - CREFITO: xxxx,59.166666666667
15/09/2026,João Marcos de Oliveira Matos - CREFITO: xxxx,62.5
15/09/2026,João Marcos de Oliveira Matos - CREFITO: xxxx,62.5
17/09/2026,João Marcos de Oliveira Matos - CREFITO: xxxx,62.5
17/09/2026,João Marcos de Oliveira Matos - CREFITO: xxxx,49.5
17/09/2026,João Marcos de Oliveira Matos - CREFITO: xxxx,59.166666666667
17/09/2026,João Marcos de Oliveira Matos - CREFITO: xxxx,67.5
17/09/2026,João Marcos de Oliveira Matos - CREFITO: xxxx,62.5
17/09/2026,João Marcos de Oliveira Matos - CREFITO: xxxx,70.0
17/09/2026,João Marcos de Oliveira Matos - CREFITO: xxxx,55.0
17/09/2026,João Marcos de Oliveira Matos - CREFITO: xxxx,62.5
17/09/2026,João Marcos de Oliveira Matos - CREFITO: xxxx,58.958333333333
17/09/2026,João Marcos de Oliveira Matos - CREFITO: xxxx,67.5
17/09/2026,João Marcos de Oliveira Matos - CREFITO: xxxx,59.166666666667
17/09/2026,João Marcos de Oliveira Matos - CREFITO: xxxx,49.5
17/09/2026,João Marcos de Oliveira Matos - CREFITO: xxxx,59.166666666667
17/09/2026,João Marcos de Oliveira Matos - CREFITO: xxxx,62.5
17/09/2026,João Marcos de Oliveira Matos - CREFITO: xxxx,62.5
17/09/2026,João Marcos de Oliveira Matos - CREFITO: xxxx,59.166666666667
18/09/2026,João Marcos de Oliveira Matos - CREFITO: xxxx,0.0
22/09/2026,João Marcos de Oliveira Matos - CREFITO: xxxx,59.166666666667
22/09/2026,João Marcos de Oliveira Matos - CREFITO: xxxx,52.222222222222
22/09/2026,João Marcos de Oliveira Matos - CREFITO: xxxx,59.166666666667
22/09/2026,João Marcos de Oliveira Matos - CREFITO: xxxx,62.5
22/09/2026,João Marcos de Oliveira Matos - CREFITO: xxxx,59.166666666667
22/09/2026,João Marcos de Oliveira Matos - CREFITO: xxxx,61.75
22/09/2026,João Marcos de Oliveira Matos - CREFITO: xxxx,67.5
22/09/2026,João Marcos de Oliveira Matos - CREFITO: xxxx,67.5
22/09/2026,João Marcos de Oliveira Matos - CREFITO: xxxx,49.5
22/09/2026,João Marcos de Oliveira Matos - CREFITO: xxxx,55.0
22/09/2026,João Marcos de Oliveira Matos - CREFITO: xxxx,62.5
22/09/2026,João Marcos de Oliveira Matos - CREFITO: xxxx,62.916666666667
22/09/2026,João Marcos de Oliveira Matos - CREFITO: xxxx,59.166666666667
22/09/2026,João Marcos de Oliveira Matos - CREFITO: xxxx,62.5
24/09/2026,João Marcos de Oliveira Matos - CREFITO: xxxx,62.5
24/09/2026,João Marcos de Oliveira Matos - CREFITO: xxxx,59.166666666667
24/09/2026,João Marcos de Oliveira Matos - CREFITO: xxxx,52.222222222222
24/09/2026,João Marcos de Oliveira Matos - CREFITO: xxxx,59.166666666667
24/09/2026,João Marcos de Oliveira Matos - CREFITO: xxxx,62.5
24/09/2026,João Marcos de Oliveira Matos - CREFITO: xxxx,59.166666666667
24/09/2026,João Marcos de Oliveira Matos - CREFITO: xxxx,62.5
24/09/2026,João Marcos de Oliveira Matos - CREFITO: xxxx,62.5
24/09/2026,João Marcos de Oliveira Matos - CREFITO: xxxx,70.0
24/09/2026,João Marcos de Oliveira Matos - CREFITO: xxxx,55.0
24/09/2026,João Marcos de Oliveira Matos - CREFITO: xxxx,49.5
24/09/2026,João Marcos de Oliveira Matos - CREFITO: xxxx,49.5
24/09/2026,João Marcos de Oliveira Matos - CREFITO: xxxx,58.958333333333
24/09/2026,João Marcos de Oliveira Matos - CREFITO: xxxx,59.166666666667
24/09/2026,João Marcos de Oliveira Matos - CREFITO: xxxx,67.5
24/09/2026,João Marcos de Oliveira Matos - CREFITO: xxxx,67.5
29/09/2026,João Marcos de Oliveira Matos - CREFITO: xxxx,62.5
29/09/2026,João Marcos de Oliveira Matos - CREFITO: xxxx,59.166666666667
29/09/2026,João Marcos de Oliveira Matos - CREFITO: xxxx,62.916666666667
29/09/2026,João Marcos de Oliveira Matos - CREFITO: xxxx,49.5
29/09/2026,João Marcos de Oliveira Matos - CREFITO: xxxx,62.5
29/09/2026,João Marcos de Oliveira Matos - CREFITO: xxxx,59.166666666667
29/09/2026,João Marcos de Oliveira Matos - CREFITO: xxxx,61.75
29/09/2026,João Marcos de Oliveira Matos - CREFITO: xxxx,62.5
29/09/2026,João Marcos de Oliveira Matos - CREFITO: xxxx,67.5
29/09/2026,João Marcos de Oliveira Matos - CREFITO: xxxx,62.916666666667
29/09/2026,João Marcos de Oliveira Matos - CREFITO: xxxx,62.5
29/09/2026,João Marcos de Oliveira Matos - CREFITO: xxxx,62.5
29/09/2026,João Marcos de Oliveira Matos - CREFITO: xxxx,0.0
29/09/2026,João Marcos de Oliveira Matos - CREFITO: xxxx,49.5
29/09/2026,João Marcos de Oliveira Matos - CREFITO: xxxx,49.5
29/09/2026,João Marcos de Oliveira Matos - CREFITO: xxxx,74.0
29/09/2026,João Marcos de Oliveira Matos - CREFITO: xxxx,59.166666666667
29/09/2026,João Marcos de Oliveira Matos - CREFITO: xxxx,62.5
29/09/2026,João Marcos de Oliveira Matos - CREFITO: xxxx,67.5
29/09/2026,João Marcos de Oliveira Matos - CREFITO: xxxx,59.166666666667
29/09/2026,João Marcos de Oliveira Matos - CREFITO: xxxx,62.5
01/10/2026,João Marcos de Oliveira Matos - CREFITO: xxxx,62.5
01/10/2026,João Marcos de Oliveira Matos - CREFITO: xxxx,67.5
01/10/2026,João Marcos de Oliveira Matos - CREFITO: xxxx,62.222222222222
01/10/2026,João Marcos de Oliveira Matos - CREFITO: xxxx,62.5
01/10/2026,João Marcos de Oliveira Matos - CREFITO: xxxx,61.75
01/10/2026,João Marcos de Oliveira Matos - CREFITO: xxxx,62.5
01/10/2026,João Marcos de Oliveira Matos - CREFITO: xxxx,56.0
01/10/2026,João Marcos de Oliveira Matos - CREFITO: xxxx,62.5
01/10/2026,João Marcos de Oliveira Matos - CREFITO: xxxx,70.0
01/10/2026,João Marcos de Oliveira Matos - CREFITO: xxxx,55.0
01/10/2026,João Marcos de Oliveira Matos - CREFITO: xxxx,59.166666666667
01/10/2026,João Marcos de Oliveira Matos - CREFITO: xxxx,59.166666666667
01/10/2026,João Marcos de Oliveira Matos - CREFITO: xxxx,61.75
01/10/2026,João Marcos de Oliveira Matos - CREFITO: xxxx,49.5
01/10/2026,João Marcos de Oliveira Matos - CREFITO: xxxx,59.166666666667
01/10/2026,João Marcos de Oliveira Matos - CREFITO: xxxx,62.5
01/10/2026,João Marcos de Oliveira Matos - CREFITO: xxxx,59.166666666667
02/10/2026,João Marcos de Oliveira Matos - CREFITO: xxxx,110.0
08/09/2026,Polyana Martins - CREFITO-12: 298589.1,260.0
09/09/2026,Polyana Martins - CREFITO-12: 298589.1,260.0
14/09/2026,Polyana Martins - CREFITO-12: 298589.1,260.0
15/09/2026,Polyana Martins - CREFITO-12: 298589.1,260.0
21/09/2026,Polyana Martins - CREFITO-12: 298589.1,260.0
21/09/2026,Polyana Martins - CREFITO-12: 298589.1,260.0
22/09/2026,Polyana Martins - CREFITO-12: 298589.1,260.0
28/09/2026,Polyana Martins - CREFITO-12: 298589.1,260.0
28/09/2026,Polyana Martins - CREFITO-12: 298589.1,260.0
08/09/2026,Lanna Negreiros - CREFITO: 234141,320.0
08/09/2026,Lanna Negreiros - CREFITO: 234141,350.0
08/09/2026,Lanna Negreiros - CREFITO: 234141,350.0
08/09/2026,Lanna Negreiros - CREFITO: 234141,370.0
08/09/2026,Lanna Negreiros - CREFITO: 234141,295.0
08/09/2026,Lanna Negreiros - CREFITO: 234141,298.0
08/09/2026,Lanna Negreiros - CREFITO: 234141,370.0
08/09/2026,Lanna Negreiros - CREFITO: 234141,310.0
08/09/2026,Lanna Negreiros - CREFITO: 234141,310.0
08/09/2026,Lanna Negreiros - CREFITO: 234141,320.0
08/09/2026,Lanna Negreiros - CREFITO: 234141,370.0
14/09/2026,Lanna Negreiros - CREFITO: 234141,310.0
14/09/2026,Lanna Negreiros - CREFITO: 234141,320.0
14/09/2026,Lanna Negreiros - CREFITO: 234141,370.0
14/09/2026,Lanna Negreiros - CREFITO: 234141,370.0
14/09/2026,Lanna Negreiros - CREFITO: 234141,320.0
14/09/2026,Lanna Negreiros - CREFITO: 234141,320.0
14/09/2026,Lanna Negreiros - CREFITO: 234141,320.0
15/09/2026,Lanna Negreiros - CREFITO: 234141,400.0
15/09/2026,Lanna Negreiros - CREFITO: 234141,400.0
15/09/2026,Lanna Negreiros - CREFITO: 234141,320.0
15/09/2026,Lanna Negreiros - CREFITO: 234141,370.0
15/09/2026,Lanna Negreiros - CREFITO: 234141,400.0
15/09/2026,Lanna Negreiros - CREFITO: 234141,320.0
16/09/2026,Lanna Negreiros - CREFITO: 234141,400.0
16/09/2026,Lanna Negreiros - CREFITO: 234141,370.0
16/09/2026,Lanna Negreiros - CREFITO: 234141,400.0
17/09/2026,Lanna Negreiros - CREFITO: 234141,370.0
17/09/2026,Lanna Negreiros - CREFITO: 234141,370.0
17/09/2026,Lanna Negreiros - CREFITO: 234141,310.0
17/09/2026,Lanna Negreiros - CREFITO: 234141,400.0
17/09/2026,Lanna Negreiros - CREFITO: 234141,400.0
17/09/2026,Lanna Negreiros - CREFITO: 234141,400.0
17/09/2026,Lanna Negreiros - CREFITO: 234141,370.0
17/09/2026,Lanna Negreiros - CREFITO: 234141,320.0
18/09/2026,Lanna Negreiros - CREFITO: 234141,370.0
18/09/2026,Lanna Negreiros - CREFITO: 234141,400.0
18/09/2026,Lanna Negreiros - CREFITO: 234141,400.0
18/09/2026,Lanna Negreiros - CREFITO: 234141,295.0
18/09/2026,Lanna Negreiros - CREFITO: 234141,298.0
18/09/2026,Lanna Negreiros - CREFITO: 234141,400.0
19/09/2026,Lanna Negreiros - CREFITO: 234141,298.0
19/09/2026,Lanna Negreiros - CREFITO: 234141,298.0
19/09/2026,Lanna Negreiros - CREFITO: 234141,370.0
21/09/2026,Lanna Negreiros - CREFITO: 234141,310.0
21/09/2026,Lanna Negreiros - CREFITO: 234141,320.0
21/09/2026,Lanna Negreiros - CREFITO: 234141,400.0
21/09/2026,Lanna Negreiros - CREFITO: 234141,370.0
21/09/2026,Lanna Negreiros - CREFITO: 234141,370.0
22/09/2026,Lanna Negreiros - CREFITO: 234141,370.0
22/09/2026,Lanna Negreiros - CREFITO: 234141,400.0
22/09/2026,Lanna Negreiros - CREFITO: 234141,400.0
22/09/2026,Lanna Negreiros - CREFITO: 234141,370.0
22/09/2026,Lanna Negreiros - CREFITO: 234141,370.0
23/09/2026,Lanna Negreiros - CREFITO: 234141,400.0
24/09/2026,Lanna Negreiros - CREFITO: 234141,400.0
24/09/2026,Lanna Negreiros - CREFITO: 234141,370.0
24/09/2026,Lanna Negreiros - CREFITO: 234141,400.0
24/09/2026,Lanna Negreiros - CREFITO: 234141,298.0
25/09/2026,Lanna Negreiros - CREFITO: 234141,400.0
25/09/2026,Lanna Negreiros - CREFITO: 234141,400.0
25/09/2026,Lanna Negreiros - CREFITO: 234141,295.0
26/09/2026,Lanna Negreiros - CREFITO: 234141,370.0
26/09/2026,Lanna Negreiros - CREFITO: 234141,298.0
26/09/2026,Lanna Negreiros - CREFITO: 234141,298.0
26/09/2026,Lanna Negreiros - CREFITO: 234141,320.0
26/09/2026,Lanna Negreiros - CREFITO: 234141,320.0
28/09/2026,Lanna Negreiros - CREFITO: 234141,310.0
28/09/2026,Lanna Negreiros - CREFITO: 234141,160.0
28/09/2026,Lanna Negreiros - CREFITO: 234141,400.0
28/09/2026,Lanna Negreiros - CREFITO: 234141,320.0
28/09/2026,Lanna Negreiros - CREFITO: 234141,320.0
29/09/2026,Lanna Negreiros - CREFITO: 234141,350.0
29/09/2026,Lanna Negreiros - CREFITO: 234141,400.0
01/10/2026,Lanna Negreiros - CREFITO: 234141,400.0
01/10/2026,Lanna Negreiros - CREFITO: 234141,400.0
01/10/2026,Lanna Negreiros - CREFITO: 234141,370.0
01/10/2026,Lanna Negreiros - CREFITO: 234141,400.0
01/10/2026,Lanna Negreiros - CREFITO: 234141,400.0
01/10/2026,Lanna Negreiros - CREFITO: 234141,298.0
01/10/2026,Lanna Negreiros - CREFITO: 234141,400.0
01/10/2026,Lanna Negreiros - CREFITO: 234141,370.0
01/10/2026,Lanna Negreiros - CREFITO: 234141,370.0
03/10/2026,Lanna Negreiros - CREFITO: 234141,350.0
03/10/2026,Lanna Negreiros - CREFITO: 234141,320.0
03/10/2026,Lanna Negreiros - CREFITO: 234141,295.0
09/09/2026,Thamyris Medeiros Rodrigues - CREFITO: 262997,400.0
09/09/2026,Thamyris Medeiros Rodrigues - CREFITO: 262997,320.0
09/09/2026,Thamyris Medeiros Rodrigues - CREFITO: 262997,900.0
09/09/2026,Thamyris Medeiros Rodrigues - CREFITO: 262997,74.0
09/09/2026,Thamyris Medeiros Rodrigues - CREFITO: 262997,59.166666666667
09/09/2026,Thamyris Medeiros Rodrigues - CREFITO: 262997,370.0
10/09/2026,Thamyris Medeiros Rodrigues - CREFITO: 262997,300.0
10/09/2026,Thamyris Medeiros Rodrigues - CREFITO: 262997,400.0
10/09/2026,Thamyris Medeiros Rodrigues - CREFITO: 262997,59.166666666667
11/09/2026,Thamyris Medeiros Rodrigues - CREFITO: 262997,370.0
11/09/2026,Thamyris Medeiros Rodrigues - CREFITO: 262997,320.0
11/09/2026,Thamyris Medeiros Rodrigues - CREFITO: 262997,400.0
12/09/2026,Thamyris Medeiros Rodrigues - CREFITO: 262997,70.0
12/09/2026,Thamyris Medeiros Rodrigues - CREFITO: 262997,70.0
12/09/2026,Thamyris Medeiros Rodrigues - CREFITO: 262997,70.0
12/09/2026,Thamyris Medeiros Rodrigues - CREFITO: 262997,62.5
12/09/2026,Thamyris Medeiros Rodrigues - CREFITO: 262997,0.0
14/09/2026,Thamyris Medeiros Rodrigues - CREFITO: 262997,300.0
14/09/2026,Thamyris Medeiros Rodrigues - CREFITO: 262997,400.0
16/09/2026,Thamyris Medeiros Rodrigues - CREFITO: 262997,300.0
16/09/2026,Thamyris Medeiros Rodrigues - CREFITO: 262997,300.0
16/09/2026,Thamyris Medeiros Rodrigues - CREFITO: 262997,74.0
16/09/2026,Thamyris Medeiros Rodrigues - CREFITO: 262997,59.166666666667
16/09/2026,Thamyris Medeiros Rodrigues - CREFITO: 262997,280.0
18/09/2026,Thamyris Medeiros Rodrigues - CREFITO: 262997,400.0
18/09/2026,Thamyris Medeiros Rodrigues - CREFITO: 262997,280.0
21/09/2026,Thamyris Medeiros Rodrigues - CREFITO: 262997,300.0
21/09/2026,Thamyris Medeiros Rodrigues - CREFITO: 262997,370.0
23/09/2026,Thamyris Medeiros Rodrigues - CREFITO: 262997,900.0
23/09/2026,Thamyris Medeiros Rodrigues - CREFITO: 262997,400.0
23/09/2026,Thamyris Medeiros Rodrigues - CREFITO: 262997,74.0
23/09/2026,Thamyris Medeiros Rodrigues - CREFITO: 262997,59.166666666667
23/09/2026,Thamyris Medeiros Rodrigues - CREFITO: 262997,370.0
23/09/2026,Thamyris Medeiros Rodrigues - CREFITO: 262997,370.0
25/09/2026,Thamyris Medeiros Rodrigues - CREFITO: 262997,280.0
25/09/2026,Thamyris Medeiros Rodrigues - CREFITO: 262997,300.0
25/09/2026,Thamyris Medeiros Rodrigues - CREFITO: 262997,320.0
28/09/2026,Thamyris Medeiros Rodrigues - CREFITO: 262997,59.166666666667
28/09/2026,Thamyris Medeiros Rodrigues - CREFITO: 262997,900.0
28/09/2026,Thamyris Medeiros Rodrigues - CREFITO: 262997,400.0
30/09/2026,Thamyris Medeiros Rodrigues - CREFITO: 262997,300.0
30/09/2026,Thamyris Medeiros Rodrigues - CREFITO: 262997,370.0
30/09/2026,Thamyris Medeiros Rodrigues - CREFITO: 262997,59.166666666667
02/10/2026,Thamyris Medeiros Rodrigues - CREFITO: 262997,280.0
05/10/2026,Thamyris Medeiros Rodrigues - CREFITO: 262997,400.0
08/09/2026,Stefhanne Lins - CREFITO: 245620,56.0
08/09/2026,Stefhanne Lins - CREFITO: 245620,62.916666666667
08/09/2026,Stefhanne Lins - CREFITO: 245620,62.916666666667
08/09/2026,Stefhanne Lins - CREFITO: 245620,59.166666666667
08/09/2026,Stefhanne Lins - CREFITO: 245620,62.5
08/09/2026,Stefhanne Lins - CREFITO: 245620,56.0
08/09/2026,Stefhanne Lins - CREFITO: 245620,62.916666666667
08/09/2026,Stefhanne Lins - CREFITO: 245620,62.222222222222
08/09/2026,Stefhanne Lins - CREFITO: 245620,62.916666666667
08/09/2026,Stefhanne Lins - CREFITO: 245620,62.916666666667
09/09/2026,Stefhanne Lins - CREFITO: 245620,61.666666666667
09/09/2026,Stefhanne Lins - CREFITO: 245620,49.315
09/09/2026,Stefhanne Lins - CREFITO: 245620,58.958333333333
09/09/2026,Stefhanne Lins - CREFITO: 245620,50.0
09/09/2026,Stefhanne Lins - CREFITO: 245620,59.166666666667
09/09/2026,Stefhanne Lins - CREFITO: 245620,52.222222222222
09/09/2026,Stefhanne Lins - CREFITO: 245620,58.958333333333
09/09/2026,Stefhanne Lins - CREFITO: 245620,59.166666666667
09/09/2026,Stefhanne Lins - CREFITO: 245620,58.125
09/09/2026,Stefhanne Lins - CREFITO: 245620,67.5
09/09/2026,Stefhanne Lins - CREFITO: 245620,59.166666666667
10/09/2026,Stefhanne Lins - CREFITO: 245620,56.0
10/09/2026,Stefhanne Lins - CREFITO: 245620,62.916666666667
10/09/2026,Stefhanne Lins - CREFITO: 245620,49.315
10/09/2026,Stefhanne Lins - CREFITO: 245620,62.916666666667
10/09/2026,Stefhanne Lins - CREFITO: 245620,62.083333333333
10/09/2026,Stefhanne Lins - CREFITO: 245620,59.166666666667
10/09/2026,Stefhanne Lins - CREFITO: 245620,62.5
10/09/2026,Stefhanne Lins - CREFITO: 245620,59.166666666667
10/09/2026,Stefhanne Lins - CREFITO: 245620,62.222222222222
10/09/2026,Stefhanne Lins - CREFITO: 245620,62.916666666667
11/09/2026,Stefhanne Lins - CREFITO: 245620,61.666666666667
11/09/2026,Stefhanne Lins - CREFITO: 245620,49.315
11/09/2026,Stefhanne Lins - CREFITO: 245620,62.916666666667
11/09/2026,Stefhanne Lins - CREFITO: 245620,62.916666666667
11/09/2026,Stefhanne Lins - CREFITO: 245620,67.5
11/09/2026,Stefhanne Lins - CREFITO: 245620,62.5
11/09/2026,Stefhanne Lins - CREFITO: 245620,59.166666666667
11/09/2026,Stefhanne Lins - CREFITO: 245620,62.222222222222
11/09/2026,Stefhanne Lins - CREFITO: 245620,56.0
11/09/2026,Stefhanne Lins - CREFITO: 245620,67.5
11/09/2026,Stefhanne Lins - CREFITO: 245620,62.5
11/09/2026,Stefhanne Lins - CREFITO: 245620,62.916666666667
14/09/2026,Stefhanne Lins - CREFITO: 245620,62.916666666667
14/09/2026,Stefhanne Lins - CREFITO: 245620,55.0
14/09/2026,Stefhanne Lins - CREFITO: 245620,58.958333333333
14/09/2026,Stefhanne Lins - CREFITO: 245620,50.0
14/09/2026,Stefhanne Lins - CREFITO: 245620,62.916666666667
14/09/2026,Stefhanne Lins - CREFITO: 245620,62.916666666667
14/09/2026,Stefhanne Lins - CREFITO: 245620,56.0
14/09/2026,Stefhanne Lins - CREFITO: 245620,56.0
14/09/2026,Stefhanne Lins - CREFITO: 245620,67.5
14/09/2026,Stefhanne Lins - CREFITO: 245620,59.166666666667
14/09/2026,Stefhanne Lins - CREFITO: 245620,67.5
14/09/2026,Stefhanne Lins - CREFITO: 245620,58.125
14/09/2026,Stefhanne Lins - CREFITO: 245620,52.222222222222
14/09/2026,Stefhanne Lins - CREFITO: 245620,49.5
15/09/2026,Stefhanne Lins - CREFITO: 245620,62.916666666667
15/09/2026,Stefhanne Lins - CREFITO: 245620,56.0
15/09/2026,Stefhanne Lins - CREFITO: 245620,62.916666666667
15/09/2026,Stefhanne Lins - CREFITO: 245620,62.222222222222
15/09/2026,Stefhanne Lins - CREFITO: 245620,56.0
15/09/2026,Stefhanne Lins - CREFITO: 245620,62.916666666667
15/09/2026,Stefhanne Lins - CREFITO: 245620,62.916666666667
15/09/2026,Stefhanne Lins - CREFITO: 245620,62.5
15/09/2026,Stefhanne Lins - CREFITO: 245620,62.222222222222
15/09/2026,Stefhanne Lins - CREFITO: 245620,62.5
15/09/2026,Stefhanne Lins - CREFITO: 245620,59.166666666667
15/09/2026,Stefhanne Lins - CREFITO: 245620,59.166666666667
16/09/2026,Stefhanne Lins - CREFITO: 245620,49.315
16/09/2026,Stefhanne Lins - CREFITO: 245620,58.958333333333
16/09/2026,Stefhanne Lins - CREFITO: 245620,50.0
16/09/2026,Stefhanne Lins - CREFITO: 245620,58.958333333333
16/09/2026,Stefhanne Lins - CREFITO: 245620,59.166666666667
16/09/2026,Stefhanne Lins - CREFITO: 245620,67.5
16/09/2026,Stefhanne Lins - CREFITO: 245620,52.222222222222
16/09/2026,Stefhanne Lins - CREFITO: 245620,50.0
16/09/2026,Stefhanne Lins - CREFITO: 245620,74.0
16/09/2026,Stefhanne Lins - CREFITO: 245620,62.5
17/09/2026,Stefhanne Lins - CREFITO: 245620,56.0
17/09/2026,Stefhanne Lins - CREFITO: 245620,70.0
17/09/2026,Stefhanne Lins - CREFITO: 245620,49.315
17/09/2026,Stefhanne Lins - CREFITO: 245620,62.916666666667
17/09/2026,Stefhanne Lins - CREFITO: 245620,62.916666666667
17/09/2026,Stefhanne Lins - CREFITO: 245620,59.166666666667
17/09/2026,Stefhanne Lins - CREFITO: 245620,62.916666666667
17/09/2026,Stefhanne Lins - CREFITO: 245620,62.5
17/09/2026,Stefhanne Lins - CREFITO: 245620,100.0
17/09/2026,Stefhanne Lins - CREFITO: 245620,49.5
17/09/2026,Stefhanne Lins - CREFITO: 245620,62.5
18/09/2026,Stefhanne Lins - CREFITO: 245620,49.315
18/09/2026,Stefhanne Lins - CREFITO: 245620,62.916666666667
18/09/2026,Stefhanne Lins - CREFITO: 245620,56.0
18/09/2026,Stefhanne Lins - CREFITO: 245620,62.916666666667
18/09/2026,Stefhanne Lins - CREFITO: 245620,62.916666666667
18/09/2026,Stefhanne Lins - CREFITO: 245620,56.0
18/09/2026,Stefhanne Lins - CREFITO: 245620,67.5
18/09/2026,Stefhanne Lins - CREFITO: 245620,62.5
18/09/2026,Stefhanne Lins - CREFITO: 245620,59.166666666667
18/09/2026,Stefhanne Lins - CREFITO: 245620,62.222222222222
21/09/2026,Stefhanne Lins - CREFITO: 245620,62.916666666667
21/09/2026,Stefhanne Lins - CREFITO: 245620,58.958333333333
21/09/2026,Stefhanne Lins - CREFITO: 245620,50.0
21/09/2026,Stefhanne Lins - CREFITO: 245620,62.916666666667
21/09/2026,Stefhanne Lins - CREFITO: 245620,62.916666666667
21/09/2026,Stefhanne Lins - CREFITO: 245620,61.666666666667
21/09/2026,Stefhanne Lins - CREFITO: 245620,56.0
21/09/2026,Stefhanne Lins - CREFITO: 245620,56.0
21/09/2026,Stefhanne Lins - CREFITO: 245620,67.5
21/09/2026,Stefhanne Lins - CREFITO: 245620,62.916666666667
21/09/2026,Stefhanne Lins - CREFITO: 245620,58.125
21/09/2026,Stefhanne Lins - CREFITO: 245620,52.222222222222
21/09/2026,Stefhanne Lins - CREFITO: 245620,59.166666666667
21/09/2026,Stefhanne Lins - CREFITO: 245620,49.5
21/09/2026,Stefhanne Lins - CREFITO: 245620,50.0
21/09/2026,Stefhanne Lins - CREFITO: 245620,59.166666666667
22/09/2026,Stefhanne Lins - CREFITO: 245620,62.916666666667
22/09/2026,Stefhanne Lins - CREFITO: 245620,62.916666666667
22/09/2026,Stefhanne Lins - CREFITO: 245620,62.222222222222
22/09/2026,Stefhanne Lins - CREFITO: 245620,59.166666666667
22/09/2026,Stefhanne Lins - CREFITO: 245620,74.0
22/09/2026,Stefhanne Lins - CREFITO: 245620,59.166666666667
22/09/2026,Stefhanne Lins - CREFITO: 245620,62.916666666667
22/09/2026,Stefhanne Lins - CREFITO: 245620,56.0
22/09/2026,Stefhanne Lins - CREFITO: 245620,62.5
22/09/2026,Stefhanne Lins - CREFITO: 245620,74.0
22/09/2026,Stefhanne Lins - CREFITO: 245620,62.916666666667
22/09/2026,Stefhanne Lins - CREFITO: 245620,62.5
22/09/2026,Stefhanne Lins - CREFITO: 245620,59.166666666667
22/09/2026,Stefhanne Lins - CREFITO: 245620,59.166666666667
22/09/2026,Stefhanne Lins - CREFITO: 245620,62.5
22/09/2026,Stefhanne Lins - CREFITO: 245620,56.0
23/09/2026,Stefhanne Lins - CREFITO: 245620,49.315
23/09/2026,Stefhanne Lins - CREFITO: 245620,58.958333333333
23/09/2026,Stefhanne Lins - CREFITO: 245620,50.0
23/09/2026,Stefhanne Lins - CREFITO: 245620,59.166666666667
23/09/2026,Stefhanne Lins - CREFITO: 245620,52.222222222222
23/09/2026,Stefhanne Lins - CREFITO: 245620,58.958333333333
23/09/2026,Stefhanne Lins - CREFITO: 245620,59.166666666667
23/09/2026,Stefhanne Lins - CREFITO: 245620,62.916666666667
23/09/2026,Stefhanne Lins - CREFITO: 245620,59.166666666667
23/09/2026,Stefhanne Lins - CREFITO: 245620,62.916666666667
23/09/2026,Stefhanne Lins - CREFITO: 245620,52.222222222222
23/09/2026,Stefhanne Lins - CREFITO: 245620,56.0
24/09/2026,Stefhanne Lins - CREFITO: 245620,49.315
24/09/2026,Stefhanne Lins - CREFITO: 245620,62.916666666667
24/09/2026,Stefhanne Lins - CREFITO: 245620,59.166666666667
24/09/2026,Stefhanne Lins - CREFITO: 245620,59.166666666667
24/09/2026,Stefhanne Lins - CREFITO: 245620,62.916666666667
24/09/2026,Stefhanne Lins - CREFITO: 245620,62.5
24/09/2026,Stefhanne Lins - CREFITO: 245620,62.5
24/09/2026,Stefhanne Lins - CREFITO: 245620,59.166666666667
24/09/2026,Stefhanne Lins - CREFITO: 245620,74.0
24/09/2026,Stefhanne Lins - CREFITO: 245620,62.5
24/09/2026,Stefhanne Lins - CREFITO: 245620,58.958333333333
24/09/2026,Stefhanne Lins - CREFITO: 245620,62.5
25/09/2026,Stefhanne Lins - CREFITO: 245620,49.315
25/09/2026,Stefhanne Lins - CREFITO: 245620,62.916666666667
25/09/2026,Stefhanne Lins - CREFITO: 245620,56.0
25/09/2026,Stefhanne Lins - CREFITO: 245620,62.916666666667
25/09/2026,Stefhanne Lins - CREFITO: 245620,62.916666666667
25/09/2026,Stefhanne Lins - CREFITO: 245620,56.0
25/09/2026,Stefhanne Lins - CREFITO: 245620,67.5
25/09/2026,Stefhanne Lins - CREFITO: 245620,62.5
25/09/2026,Stefhanne Lins - CREFITO: 245620,59.166666666667
25/09/2026,Stefhanne Lins - CREFITO: 245620,59.166666666667
28/09/2026,Stefhanne Lins - CREFITO: 245620,67.5
28/09/2026,Stefhanne Lins - CREFITO: 245620,59.166666666667
28/09/2026,Stefhanne Lins - CREFITO: 245620,58.958333333333
28/09/2026,Stefhanne Lins - CREFITO: 245620,62.5
28/09/2026,Stefhanne Lins - CREFITO: 245620,50.0
28/09/2026,Stefhanne Lins - CREFITO: 245620,62.916666666667
28/09/2026,Stefhanne Lins - CREFITO: 245620,62.916666666667
28/09/2026,Stefhanne Lins - CREFITO: 245620,56.0
28/09/2026,Stefhanne Lins - CREFITO: 245620,56.0
28/09/2026,Stefhanne Lins - CREFITO: 245620,67.5
28/09/2026,Stefhanne Lins - CREFITO: 245620,62.916666666667
28/09/2026,Stefhanne Lins - CREFITO: 245620,58.125
28/09/2026,Stefhanne Lins - CREFITO: 245620,59.166666666667
28/09/2026,Stefhanne Lins - CREFITO: 245620,59.166666666667
28/09/2026,Stefhanne Lins - CREFITO: 245620,62.5
28/09/2026,Stefhanne Lins - CREFITO: 245620,58.958333333333
28/09/2026,Stefhanne Lins - CREFITO: 245620,49.5
29/09/2026,Stefhanne Lins - CREFITO: 245620,62.916666666667
29/09/2026,Stefhanne Lins - CREFITO: 245620,56.0
29/09/2026,Stefhanne Lins - CREFITO: 245620,62.222222222222
29/09/2026,Stefhanne Lins - CREFITO: 245620,59.166666666667
29/09/2026,Stefhanne Lins - CREFITO: 245620,74.0
29/09/2026,Stefhanne Lins - CREFITO: 245620,62.5
29/09/2026,Stefhanne Lins - CREFITO: 245620,62.5
29/09/2026,Stefhanne Lins - CREFITO: 245620,59.166666666667
29/09/2026,Stefhanne Lins - CREFITO: 245620,62.916666666667
29/09/2026,Stefhanne Lins - CREFITO: 245620,62.916666666667
29/09/2026,Stefhanne Lins - CREFITO: 245620,62.5
29/09/2026,Stefhanne Lins - CREFITO: 245620,59.166666666667
29/09/2026,Stefhanne Lins - CREFITO: 245620,74.0
29/09/2026,Stefhanne Lins - CREFITO: 245620,50.0
30/09/2026,Stefhanne Lins - CREFITO: 245620,61.666666666667
30/09/2026,Stefhanne Lins - CREFITO: 245620,49.315
30/09/2026,Stefhanne Lins - CREFITO: 245620,58.958333333333
30/09/2026,Stefhanne Lins - CREFITO: 245620,67.5
30/09/2026,Stefhanne Lins - CREFITO: 245620,62.916666666667
30/09/2026,Stefhanne Lins - CREFITO: 245620,58.958333333333
30/09/2026,Stefhanne Lins - CREFITO: 245620,50.0
30/09/2026,Stefhanne Lins - CREFITO: 245620,56.0
30/09/2026,Stefhanne Lins - CREFITO: 245620,59.166666666667
30/09/2026,Stefhanne Lins - CREFITO: 245620,62.916666666667
30/09/2026,Stefhanne Lins - CREFITO: 245620,59.166666666667
30/09/2026,Stefhanne Lins - CREFITO: 245620,59.166666666667
30/09/2026,Stefhanne Lins - CREFITO: 245620,62.916666666667
01/10/2026,Stefhanne Lins - CREFITO: 245620,70.0
01/10/2026,Stefhanne Lins - CREFITO: 245620,49.315
01/10/2026,Stefhanne Lins - CREFITO: 245620,59.166666666667
01/10/2026,Stefhanne Lins - CREFITO: 245620,62.5
01/10/2026,Stefhanne Lins - CREFITO: 245620,59.166666666667
01/10/2026,Stefhanne Lins - CREFITO: 245620,62.916666666667
01/10/2026,Stefhanne Lins - CREFITO: 245620,62.5
01/10/2026,Stefhanne Lins - CREFITO: 245620,62.222222222222
01/10/2026,Stefhanne Lins - CREFITO: 245620,59.166666666667
01/10/2026,Stefhanne Lins - CREFITO: 245620,62.5
01/10/2026,Stefhanne Lins - CREFITO: 245620,49.5
01/10/2026,Stefhanne Lins - CREFITO: 245620,62.5
02/10/2026,Stefhanne Lins - CREFITO: 245620,61.666666666667
02/10/2026,Stefhanne Lins - CREFITO: 245620,49.315
02/10/2026,Stefhanne Lins - CREFITO: 245620,62.916666666667
02/10/2026,Stefhanne Lins - CREFITO: 245620,62.5
02/10/2026,Stefhanne Lins - CREFITO: 245620,62.5
02/10/2026,Stefhanne Lins - CREFITO: 245620,62.5
02/10/2026,Stefhanne Lins - CREFITO: 245620,62.916666666667
02/10/2026,Stefhanne Lins - CREFITO: 245620,59.166666666667
02/10/2026,Stefhanne Lins - CREFITO: 245620,62.222222222222
05/10/2026,Stefhanne Lins - CREFITO: 245620,59.166666666667
05/10/2026,Stefhanne Lins - CREFITO: 245620,58.958333333333
05/10/2026,Stefhanne Lins - CREFITO: 245620,62.5
05/10/2026,Stefhanne Lins - CREFITO: 245620,67.5
05/10/2026,Stefhanne Lins - CREFITO: 245620,62.916666666667
05/10/2026,Stefhanne Lins - CREFITO: 245620,50.0
05/10/2026,Stefhanne Lins - CREFITO: 245620,62.916666666667
08/09/2026,Fernanda Oliveira - CREFITO: 259504,280.0
08/09/2026,Fernanda Oliveira - CREFITO: 259504,280.0
08/09/2026,Fernanda Oliveira - CREFITO: 259504,275.0
08/09/2026,Fernanda Oliveira - CREFITO: 259504,180.0
09/09/2026,Fernanda Oliveira - CREFITO: 259504,62.5
09/09/2026,Fernanda Oliveira - CREFITO: 259504,67.5
09/09/2026,Fernanda Oliveira - CREFITO: 259504,56.0
09/09/2026,Fernanda Oliveira - CREFITO: 259504,62.5
09/09/2026,Fernanda Oliveira - CREFITO: 259504,56.0
09/09/2026,Fernanda Oliveira - CREFITO: 259504,59.166666666667
09/09/2026,Fernanda Oliveira - CREFITO: 259504,49.5
09/09/2026,Fernanda Oliveira - CREFITO: 259504,62.5
09/09/2026,Fernanda Oliveira - CREFITO: 259504,62.222222222222
09/09/2026,Fernanda Oliveira - CREFITO: 259504,50.0
09/09/2026,Fernanda Oliveira - CREFITO: 259504,62.5
09/09/2026,Fernanda Oliveira - CREFITO: 259504,55.006666666667
09/09/2026,Fernanda Oliveira - CREFITO: 259504,49.5
09/09/2026,Fernanda Oliveira - CREFITO: 259504,80.0
09/09/2026,Fernanda Oliveira - CREFITO: 259504,62.5
09/09/2026,Fernanda Oliveira - CREFITO: 259504,67.5
10/09/2026,Fernanda Oliveira - CREFITO: 259504,280.0
10/09/2026,Fernanda Oliveira - CREFITO: 259504,280.0
10/09/2026,Fernanda Oliveira - CREFITO: 259504,273.33333333333
10/09/2026,Fernanda Oliveira - CREFITO: 259504,300.0
10/09/2026,Fernanda Oliveira - CREFITO: 259504,110.0
10/09/2026,Fernanda Oliveira - CREFITO: 259504,300.0
10/09/2026,Fernanda Oliveira - CREFITO: 259504,300.0
10/09/2026,Fernanda Oliveira - CREFITO: 259504,280.0
10/09/2026,Fernanda Oliveira - CREFITO: 259504,266.66666666667
11/09/2026,Fernanda Oliveira - CREFITO: 259504,280.0
11/09/2026,Fernanda Oliveira - CREFITO: 259504,62.222222222222
11/09/2026,Fernanda Oliveira - CREFITO: 259504,49.5
11/09/2026,Fernanda Oliveira - CREFITO: 259504,58.958333333333
11/09/2026,Fernanda Oliveira - CREFITO: 259504,49.5
11/09/2026,Fernanda Oliveira - CREFITO: 259504,62.5
11/09/2026,Fernanda Oliveira - CREFITO: 259504,62.5
11/09/2026,Fernanda Oliveira - CREFITO: 259504,56.0
11/09/2026,Fernanda Oliveira - CREFITO: 259504,49.5
11/09/2026,Fernanda Oliveira - CREFITO: 259504,55.0
11/09/2026,Fernanda Oliveira - CREFITO: 259504,55.0
11/09/2026,Fernanda Oliveira - CREFITO: 259504,59.166666666667
11/09/2026,Fernanda Oliveira - CREFITO: 259504,62.916666666667
14/09/2026,Fernanda Oliveira - CREFITO: 259504,49.5
14/09/2026,Fernanda Oliveira - CREFITO: 259504,49.5
14/09/2026,Fernanda Oliveira - CREFITO: 259504,49.5
14/09/2026,Fernanda Oliveira - CREFITO: 259504,56.0
14/09/2026,Fernanda Oliveira - CREFITO: 259504,62.222222222222
14/09/2026,Fernanda Oliveira - CREFITO: 259504,74.0
14/09/2026,Fernanda Oliveira - CREFITO: 259504,59.166666666667
14/09/2026,Fernanda Oliveira - CREFITO: 259504,55.0
14/09/2026,Fernanda Oliveira - CREFITO: 259504,55.0
14/09/2026,Fernanda Oliveira - CREFITO: 259504,74.0
14/09/2026,Fernanda Oliveira - CREFITO: 259504,55.006666666667
14/09/2026,Fernanda Oliveira - CREFITO: 259504,50.0
14/09/2026,Fernanda Oliveira - CREFITO: 259504,62.916666666667
14/09/2026,Fernanda Oliveira - CREFITO: 259504,74.0
14/09/2026,Fernanda Oliveira - CREFITO: 259504,67.5
15/09/2026,Fernanda Oliveira - CREFITO: 259504,280.0
15/09/2026,Fernanda Oliveira - CREFITO: 259504,280.0
15/09/2026,Fernanda Oliveira - CREFITO: 259504,133.0
15/09/2026,Fernanda Oliveira - CREFITO: 259504,133.0
15/09/2026,Fernanda Oliveira - CREFITO: 259504,200.0
15/09/2026,Fernanda Oliveira - CREFITO: 259504,280.0
15/09/2026,Fernanda Oliveira - CREFITO: 259504,110.0
15/09/2026,Fernanda Oliveira - CREFITO: 259504,300.0
16/09/2026,Fernanda Oliveira - CREFITO: 259504,49.5
16/09/2026,Fernanda Oliveira - CREFITO: 259504,62.5
16/09/2026,Fernanda Oliveira - CREFITO: 259504,56.0
16/09/2026,Fernanda Oliveira - CREFITO: 259504,67.5
16/09/2026,Fernanda Oliveira - CREFITO: 259504,62.5
16/09/2026,Fernanda Oliveira - CREFITO: 259504,59.166666666667
16/09/2026,Fernanda Oliveira - CREFITO: 259504,62.5
16/09/2026,Fernanda Oliveira - CREFITO: 259504,50.0
16/09/2026,Fernanda Oliveira - CREFITO: 259504,67.5
16/09/2026,Fernanda Oliveira - CREFITO: 259504,74.0
16/09/2026,Fernanda Oliveira - CREFITO: 259504,55.006666666667
16/09/2026,Fernanda Oliveira - CREFITO: 259504,67.5
16/09/2026,Fernanda Oliveira - CREFITO: 259504,70.0
16/09/2026,Fernanda Oliveira - CREFITO: 259504,50.0
16/09/2026,Fernanda Oliveira - CREFITO: 259504,70.0
17/09/2026,Fernanda Oliveira - CREFITO: 259504,280.0
17/09/2026,Fernanda Oliveira - CREFITO: 259504,275.0
17/09/2026,Fernanda Oliveira - CREFITO: 259504,133.0
17/09/2026,Fernanda Oliveira - CREFITO: 259504,133.0
17/09/2026,Fernanda Oliveira - CREFITO: 259504,300.0
17/09/2026,Fernanda Oliveira - CREFITO: 259504,280.0
17/09/2026,Fernanda Oliveira - CREFITO: 259504,266.66666666667
18/09/2026,Fernanda Oliveira - CREFITO: 259504,70.0
18/09/2026,Fernanda Oliveira - CREFITO: 259504,100.0
18/09/2026,Fernanda Oliveira - CREFITO: 259504,49.5
18/09/2026,Fernanda Oliveira - CREFITO: 259504,100.0
18/09/2026,Fernanda Oliveira - CREFITO: 259504,62.5
18/09/2026,Fernanda Oliveira - CREFITO: 259504,67.5
18/09/2026,Fernanda Oliveira - CREFITO: 259504,56.0
18/09/2026,Fernanda Oliveira - CREFITO: 259504,67.5
18/09/2026,Fernanda Oliveira - CREFITO: 259504,62.5
18/09/2026,Fernanda Oliveira - CREFITO: 259504,62.916666666667
18/09/2026,Fernanda Oliveira - CREFITO: 259504,55.0
18/09/2026,Fernanda Oliveira - CREFITO: 259504,55.0
18/09/2026,Fernanda Oliveira - CREFITO: 259504,49.5
19/09/2026,Fernanda Oliveira - CREFITO: 259504,74.0
19/09/2026,Fernanda Oliveira - CREFITO: 259504,74.0
19/09/2026,Fernanda Oliveira - CREFITO: 259504,62.5
19/09/2026,Fernanda Oliveira - CREFITO: 259504,67.5
19/09/2026,Fernanda Oliveira - CREFITO: 259504,62.5
19/09/2026,Fernanda Oliveira - CREFITO: 259504,115.0
21/09/2026,Fernanda Oliveira - CREFITO: 259504,58.958333333333
21/09/2026,Fernanda Oliveira - CREFITO: 259504,49.5
21/09/2026,Fernanda Oliveira - CREFITO: 259504,67.5
21/09/2026,Fernanda Oliveira - CREFITO: 259504,56.0
21/09/2026,Fernanda Oliveira - CREFITO: 259504,74.0
21/09/2026,Fernanda Oliveira - CREFITO: 259504,49.5
21/09/2026,Fernanda Oliveira - CREFITO: 259504,62.5
21/09/2026,Fernanda Oliveira - CREFITO: 259504,74.0
21/09/2026,Fernanda Oliveira - CREFITO: 259504,62.5
21/09/2026,Fernanda Oliveira - CREFITO: 259504,55.0
21/09/2026,Fernanda Oliveira - CREFITO: 259504,55.0
21/09/2026,Fernanda Oliveira - CREFITO: 259504,67.5
21/09/2026,Fernanda Oliveira - CREFITO: 259504,62.916666666667
21/09/2026,Fernanda Oliveira - CREFITO: 259504,74.0
21/09/2026,Fernanda Oliveira - CREFITO: 259504,55.006666666667
21/09/2026,Fernanda Oliveira - CREFITO: 259504,100.0
21/09/2026,Fernanda Oliveira - CREFITO: 259504,50.0
21/09/2026,Fernanda Oliveira - CREFITO: 259504,74.0
22/09/2026,Fernanda Oliveira - CREFITO: 259504,280.0
22/09/2026,Fernanda Oliveira - CREFITO: 259504,133.0
22/09/2026,Fernanda Oliveira - CREFITO: 259504,133.0
22/09/2026,Fernanda Oliveira - CREFITO: 259504,273.33333333333
22/09/2026,Fernanda Oliveira - CREFITO: 259504,280.0
23/09/2026,Fernanda Oliveira - CREFITO: 259504,62.5
23/09/2026,Fernanda Oliveira - CREFITO: 259504,49.5
23/09/2026,Fernanda Oliveira - CREFITO: 259504,67.5
23/09/2026,Fernanda Oliveira - CREFITO: 259504,56.0
23/09/2026,Fernanda Oliveira - CREFITO: 259504,62.222222222222
23/09/2026,Fernanda Oliveira - CREFITO: 259504,56.0
23/09/2026,Fernanda Oliveira - CREFITO: 259504,74.0
23/09/2026,Fernanda Oliveira - CREFITO: 259504,62.5
23/09/2026,Fernanda Oliveira - CREFITO: 259504,62.5
23/09/2026,Fernanda Oliveira - CREFITO: 259504,62.916666666667
23/09/2026,Fernanda Oliveira - CREFITO: 259504,50.0
23/09/2026,Fernanda Oliveira - CREFITO: 259504,67.5
23/09/2026,Fernanda Oliveira - CREFITO: 259504,58.958333333333
23/09/2026,Fernanda Oliveira - CREFITO: 259504,49.5
24/09/2026,Fernanda Oliveira - CREFITO: 259504,280.0
24/09/2026,Fernanda Oliveira - CREFITO: 259504,275.0
24/09/2026,Fernanda Oliveira - CREFITO: 259504,280.0
24/09/2026,Fernanda Oliveira - CREFITO: 259504,133.0
24/09/2026,Fernanda Oliveira - CREFITO: 259504,133.0
24/09/2026,Fernanda Oliveira - CREFITO: 259504,0.0
24/09/2026,Fernanda Oliveira - CREFITO: 259504,110.0
24/09/2026,Fernanda Oliveira - CREFITO: 259504,280.0
24/09/2026,Fernanda Oliveira - CREFITO: 259504,280.0
24/09/2026,Fernanda Oliveira - CREFITO: 259504,280.0
25/09/2026,Fernanda Oliveira - CREFITO: 259504,100.0
25/09/2026,Fernanda Oliveira - CREFITO: 259504,49.5
25/09/2026,Fernanda Oliveira - CREFITO: 259504,70.0
25/09/2026,Fernanda Oliveira - CREFITO: 259504,56.0
25/09/2026,Fernanda Oliveira - CREFITO: 259504,100.0
25/09/2026,Fernanda Oliveira - CREFITO: 259504,62.916666666667
25/09/2026,Fernanda Oliveira - CREFITO: 259504,50.0
25/09/2026,Fernanda Oliveira - CREFITO: 259504,55.0
25/09/2026,Fernanda Oliveira - CREFITO: 259504,55.0
25/09/2026,Fernanda Oliveira - CREFITO: 259504,80.0
25/09/2026,Fernanda Oliveira - CREFITO: 259504,62.916666666667
25/09/2026,Fernanda Oliveira - CREFITO: 259504,62.5
28/09/2026,Fernanda Oliveira - CREFITO: 259504,74.0
28/09/2026,Fernanda Oliveira - CREFITO: 259504,49.5
28/09/2026,Fernanda Oliveira - CREFITO: 259504,67.5
28/09/2026,Fernanda Oliveira - CREFITO: 259504,56.0
28/09/2026,Fernanda Oliveira - CREFITO: 259504,62.222222222222
28/09/2026,Fernanda Oliveira - CREFITO: 259504,74.0
28/09/2026,Fernanda Oliveira - CREFITO: 259504,52.5
28/09/2026,Fernanda Oliveira - CREFITO: 259504,59.166666666667
28/09/2026,Fernanda Oliveira - CREFITO: 259504,62.5
28/09/2026,Fernanda Oliveira - CREFITO: 259504,67.5
28/09/2026,Fernanda Oliveira - CREFITO: 259504,62.916666666667
28/09/2026,Fernanda Oliveira - CREFITO: 259504,49.5
29/09/2026,Fernanda Oliveira - CREFITO: 259504,275.0
29/09/2026,Fernanda Oliveira - CREFITO: 259504,133.0
29/09/2026,Fernanda Oliveira - CREFITO: 259504,133.0
29/09/2026,Fernanda Oliveira - CREFITO: 259504,300.0
29/09/2026,Fernanda Oliveira - CREFITO: 259504,280.0
29/09/2026,Fernanda Oliveira - CREFITO: 259504,280.0
30/09/2026,Fernanda Oliveira - CREFITO: 259504,58.958333333333
30/09/2026,Fernanda Oliveira - CREFITO: 259504,49.5
30/09/2026,Fernanda Oliveira - CREFITO: 259504,67.5
30/09/2026,Fernanda Oliveira - CREFITO: 259504,56.0
30/09/2026,Fernanda Oliveira - CREFITO: 259504,56.0
30/09/2026,Fernanda Oliveira - CREFITO: 259504,62.5
30/09/2026,Fernanda Oliveira - CREFITO: 259504,62.916666666667
30/09/2026,Fernanda Oliveira - CREFITO: 259504,50.0
30/09/2026,Fernanda Oliveira - CREFITO: 259504,74.0
30/09/2026,Fernanda Oliveira - CREFITO: 259504,67.5
30/09/2026,Fernanda Oliveira - CREFITO: 259504,55.006666666667
30/09/2026,Fernanda Oliveira - CREFITO: 259504,54.996666666667
30/09/2026,Fernanda Oliveira - CREFITO: 259504,49.5
30/09/2026,Fernanda Oliveira - CREFITO: 259504,62.5
30/09/2026,Fernanda Oliveira - CREFITO: 259504,50.0
30/09/2026,Fernanda Oliveira - CREFITO: 259504,70.0
30/09/2026,Fernanda Oliveira - CREFITO: 259504,70.0
01/10/2026,Fernanda Oliveira - CREFITO: 259504,300.0
01/10/2026,Fernanda Oliveira - CREFITO: 259504,280.0
01/10/2026,Fernanda Oliveira - CREFITO: 259504,275.0
01/10/2026,Fernanda Oliveira - CREFITO: 259504,133.0
01/10/2026,Fernanda Oliveira - CREFITO: 259504,0.0
01/10/2026,Fernanda Oliveira - CREFITO: 259504,280.0
01/10/2026,Fernanda Oliveira - CREFITO: 259504,300.0
01/10/2026,Fernanda Oliveira - CREFITO: 259504,110.0
01/10/2026,Fernanda Oliveira - CREFITO: 259504,280.0
02/10/2026,Fernanda Oliveira - CREFITO: 259504,280.0
02/10/2026,Fernanda Oliveira - CREFITO: 259504,100.0
02/10/2026,Fernanda Oliveira - CREFITO: 259504,49.5
02/10/2026,Fernanda Oliveira - CREFITO: 259504,70.0
02/10/2026,Fernanda Oliveira - CREFITO: 259504,49.5
02/10/2026,Fernanda Oliveira - CREFITO: 259504,67.5
02/10/2026,Fernanda Oliveira - CREFITO: 259504,56.0
02/10/2026,Fernanda Oliveira - CREFITO: 259504,74.0
02/10/2026,Fernanda Oliveira - CREFITO: 259504,52.5
02/10/2026,Fernanda Oliveira - CREFITO: 259504,74.0
02/10/2026,Fernanda Oliveira - CREFITO: 259504,74.0
02/10/2026,Fernanda Oliveira - CREFITO: 259504,55.0
02/10/2026,Fernanda Oliveira - CREFITO: 259504,55.0
02/10/2026,Fernanda Oliveira - CREFITO: 259504,62.5
02/10/2026,Fernanda Oliveira - CREFITO: 259504,62.5
02/10/2026,Fernanda Oliveira - CREFITO: 259504,62.5
02/10/2026,Fernanda Oliveira - CREFITO: 259504,74.0
09/09/2026,Marllon Thadeu - CREFITO: 201388,61.666666666667
09/09/2026,Marllon Thadeu - CREFITO: 201388,61.666666666667
09/09/2026,Marllon Thadeu - CREFITO: 201388,62.222222222222
09/09/2026,Marllon Thadeu - CREFITO: 201388,67.5
09/09/2026,Marllon Thadeu - CREFITO: 201388,62.916666666667
09/09/2026,Marllon Thadeu - CREFITO: 201388,59.166666666667
09/09/2026,Marllon Thadeu - CREFITO: 201388,67.5
09/09/2026,Marllon Thadeu - CREFITO: 201388,56.0
09/09/2026,Marllon Thadeu - CREFITO: 201388,59.166666666667
09/09/2026,Marllon Thadeu - CREFITO: 201388,55.0
09/09/2026,Marllon Thadeu - CREFITO: 201388,55.0
09/09/2026,Marllon Thadeu - CREFITO: 201388,59.166666666667
09/09/2026,Marllon Thadeu - CREFITO: 201388,275.0
09/09/2026,Marllon Thadeu - CREFITO: 201388,275.0
09/09/2026,Marllon Thadeu - CREFITO: 201388,275.0
09/09/2026,Marllon Thadeu - CREFITO: 201388,275.0
11/09/2026,Marllon Thadeu - CREFITO: 201388,61.666666666667
11/09/2026,Marllon Thadeu - CREFITO: 201388,61.666666666667
11/09/2026,Marllon Thadeu - CREFITO: 201388,62.222222222222
11/09/2026,Marllon Thadeu - CREFITO: 201388,56.0
11/09/2026,Marllon Thadeu - CREFITO: 201388,74.0
14/09/2026,Marllon Thadeu - CREFITO: 201388,61.666666666667
14/09/2026,Marllon Thadeu - CREFITO: 201388,62.916666666667
14/09/2026,Marllon Thadeu - CREFITO: 201388,61.666666666667
14/09/2026,Marllon Thadeu - CREFITO: 201388,61.666666666667
14/09/2026,Marllon Thadeu - CREFITO: 201388,67.5
14/09/2026,Marllon Thadeu - CREFITO: 201388,58.958333333333
14/09/2026,Marllon Thadeu - CREFITO: 201388,67.5
14/09/2026,Marllon Thadeu - CREFITO: 201388,59.166666666667
14/09/2026,Marllon Thadeu - CREFITO: 201388,67.5
14/09/2026,Marllon Thadeu - CREFITO: 201388,59.166666666667
14/09/2026,Marllon Thadeu - CREFITO: 201388,59.166666666667
14/09/2026,Marllon Thadeu - CREFITO: 201388,300.0
14/09/2026,Marllon Thadeu - CREFITO: 201388,400.0
14/09/2026,Marllon Thadeu - CREFITO: 201388,200.0
15/09/2026,Marllon Thadeu - CREFITO: 201388,56.0
15/09/2026,Marllon Thadeu - CREFITO: 201388,300.0
15/09/2026,Marllon Thadeu - CREFITO: 201388,275.0
15/09/2026,Marllon Thadeu - CREFITO: 201388,275.0
15/09/2026,Marllon Thadeu - CREFITO: 201388,275.0
16/09/2026,Marllon Thadeu - CREFITO: 201388,62.916666666667
16/09/2026,Marllon Thadeu - CREFITO: 201388,61.666666666667
16/09/2026,Marllon Thadeu - CREFITO: 201388,62.222222222222
16/09/2026,Marllon Thadeu - CREFITO: 201388,67.5
16/09/2026,Marllon Thadeu - CREFITO: 201388,67.5
16/09/2026,Marllon Thadeu - CREFITO: 201388,62.916666666667
16/09/2026,Marllon Thadeu - CREFITO: 201388,49.5
16/09/2026,Marllon Thadeu - CREFITO: 201388,67.5
16/09/2026,Marllon Thadeu - CREFITO: 201388,58.125
16/09/2026,Marllon Thadeu - CREFITO: 201388,56.0
16/09/2026,Marllon Thadeu - CREFITO: 201388,59.166666666667
16/09/2026,Marllon Thadeu - CREFITO: 201388,55.0
16/09/2026,Marllon Thadeu - CREFITO: 201388,55.0
16/09/2026,Marllon Thadeu - CREFITO: 201388,59.166666666667
16/09/2026,Marllon Thadeu - CREFITO: 201388,62.222222222222
16/09/2026,Marllon Thadeu - CREFITO: 201388,300.0
17/09/2026,Marllon Thadeu - CREFITO: 201388,56.0
17/09/2026,Marllon Thadeu - CREFITO: 201388,58.958333333333
17/09/2026,Marllon Thadeu - CREFITO: 201388,62.916666666667
17/09/2026,Marllon Thadeu - CREFITO: 201388,275.0
18/09/2026,Marllon Thadeu - CREFITO: 201388,61.666666666667
18/09/2026,Marllon Thadeu - CREFITO: 201388,62.916666666667
18/09/2026,Marllon Thadeu - CREFITO: 201388,62.222222222222
18/09/2026,Marllon Thadeu - CREFITO: 201388,56.0
18/09/2026,Marllon Thadeu - CREFITO: 201388,74.0
18/09/2026,Marllon Thadeu - CREFITO: 201388,62.222222222222
18/09/2026,Marllon Thadeu - CREFITO: 201388,58.125
18/09/2026,Marllon Thadeu - CREFITO: 201388,56.0
18/09/2026,Marllon Thadeu - CREFITO: 201388,59.166666666667
18/09/2026,Marllon Thadeu - CREFITO: 201388,56.0
18/09/2026,Marllon Thadeu - CREFITO: 201388,59.166666666667
18/09/2026,Marllon Thadeu - CREFITO: 201388,55.0
18/09/2026,Marllon Thadeu - CREFITO: 201388,275.0
21/09/2026,Marllon Thadeu - CREFITO: 201388,61.666666666667
21/09/2026,Marllon Thadeu - CREFITO: 201388,62.916666666667
21/09/2026,Marllon Thadeu - CREFITO: 201388,61.666666666667
21/09/2026,Marllon Thadeu - CREFITO: 201388,62.222222222222
21/09/2026,Marllon Thadeu - CREFITO: 201388,62.222222222222
21/09/2026,Marllon Thadeu - CREFITO: 201388,59.166666666667
21/09/2026,Marllon Thadeu - CREFITO: 201388,52.222222222222
21/09/2026,Marllon Thadeu - CREFITO: 201388,58.958333333333
21/09/2026,Marllon Thadeu - CREFITO: 201388,67.5
21/09/2026,Marllon Thadeu - CREFITO: 201388,62.916666666667
21/09/2026,Marllon Thadeu - CREFITO: 201388,62.222222222222
21/09/2026,Marllon Thadeu - CREFITO: 201388,59.166666666667
21/09/2026,Marllon Thadeu - CREFITO: 201388,56.0
21/09/2026,Marllon Thadeu - CREFITO: 201388,275.0
21/09/2026,Marllon Thadeu - CREFITO: 201388,275.0
22/09/2026,Marllon Thadeu - CREFITO: 201388,56.0
22/09/2026,Marllon Thadeu - CREFITO: 201388,400.0
22/09/2026,Marllon Thadeu - CREFITO: 201388,270.0
22/09/2026,Marllon Thadeu - CREFITO: 201388,280.0
22/09/2026,Marllon Thadeu - CREFITO: 201388,275.0
23/09/2026,Marllon Thadeu - CREFITO: 201388,61.666666666667
23/09/2026,Marllon Thadeu - CREFITO: 201388,61.666666666667
23/09/2026,Marllon Thadeu - CREFITO: 201388,62.222222222222
23/09/2026,Marllon Thadeu - CREFITO: 201388,67.5
23/09/2026,Marllon Thadeu - CREFITO: 201388,67.5
23/09/2026,Marllon Thadeu - CREFITO: 201388,62.222222222222
23/09/2026,Marllon Thadeu - CREFITO: 201388,59.166666666667
23/09/2026,Marllon Thadeu - CREFITO: 201388,59.166666666667
23/09/2026,Marllon Thadeu - CREFITO: 201388,58.125
23/09/2026,Marllon Thadeu - CREFITO: 201388,56.0
23/09/2026,Marllon Thadeu - CREFITO: 201388,55.0
23/09/2026,Marllon Thadeu - CREFITO: 201388,275.0
23/09/2026,Marllon Thadeu - CREFITO: 201388,300.0
24/09/2026,Marllon Thadeu - CREFITO: 201388,400.0
24/09/2026,Marllon Thadeu - CREFITO: 201388,110.0
24/09/2026,Marllon Thadeu - CREFITO: 201388,0.0
24/09/2026,Marllon Thadeu - CREFITO: 201388,56.0
24/09/2026,Marllon Thadeu - CREFITO: 201388,300.0
24/09/2026,Marllon Thadeu - CREFITO: 201388,300.0
25/09/2026,Marllon Thadeu - CREFITO: 201388,61.666666666667
25/09/2026,Marllon Thadeu - CREFITO: 201388,61.666666666667
25/09/2026,Marllon Thadeu - CREFITO: 201388,62.222222222222
25/09/2026,Marllon Thadeu - CREFITO: 201388,59.166666666667
25/09/2026,Marllon Thadeu - CREFITO: 201388,52.222222222222
25/09/2026,Marllon Thadeu - CREFITO: 201388,74.0
25/09/2026,Marllon Thadeu - CREFITO: 201388,62.222222222222
25/09/2026,Marllon Thadeu - CREFITO: 201388,59.166666666667
25/09/2026,Marllon Thadeu - CREFITO: 201388,56.0
25/09/2026,Marllon Thadeu - CREFITO: 201388,56.0
25/09/2026,Marllon Thadeu - CREFITO: 201388,115.0
25/09/2026,Marllon Thadeu - CREFITO: 201388,55.0
25/09/2026,Marllon Thadeu - CREFITO: 201388,275.0
25/09/2026,Marllon Thadeu - CREFITO: 201388,300.0
25/09/2026,Marllon Thadeu - CREFITO: 201388,300.0
26/09/2026,Marllon Thadeu - CREFITO: 201388,74.0
26/09/2026,Marllon Thadeu - CREFITO: 201388,67.5
26/09/2026,Marllon Thadeu - CREFITO: 201388,70.0
26/09/2026,Marllon Thadeu - CREFITO: 201388,70.0
26/09/2026,Marllon Thadeu - CREFITO: 201388,50.0
26/09/2026,Marllon Thadeu - CREFITO: 201388,62.5
26/09/2026,Marllon Thadeu - CREFITO: 201388,74.0
26/09/2026,Marllon Thadeu - CREFITO: 201388,74.0
28/09/2026,Marllon Thadeu - CREFITO: 201388,61.666666666667
28/09/2026,Marllon Thadeu - CREFITO: 201388,62.916666666667
28/09/2026,Marllon Thadeu - CREFITO: 201388,61.666666666667
28/09/2026,Marllon Thadeu - CREFITO: 201388,62.222222222222
28/09/2026,Marllon Thadeu - CREFITO: 201388,59.166666666667
28/09/2026,Marllon Thadeu - CREFITO: 201388,58.958333333333
28/09/2026,Marllon Thadeu - CREFITO: 201388,67.5
28/09/2026,Marllon Thadeu - CREFITO: 201388,62.222222222222
28/09/2026,Marllon Thadeu - CREFITO: 201388,62.916666666667
28/09/2026,Marllon Thadeu - CREFITO: 201388,52.222222222222
28/09/2026,Marllon Thadeu - CREFITO: 201388,67.5
29/09/2026,Marllon Thadeu - CREFITO: 201388,56.0
29/09/2026,Marllon Thadeu - CREFITO: 201388,58.958333333333
29/09/2026,Marllon Thadeu - CREFITO: 201388,275.0
29/09/2026,Marllon Thadeu - CREFITO: 201388,0.0
29/09/2026,Marllon Thadeu - CREFITO: 201388,270.0
30/09/2026,Marllon Thadeu - CREFITO: 201388,61.666666666667
30/09/2026,Marllon Thadeu - CREFITO: 201388,62.916666666667
30/09/2026,Marllon Thadeu - CREFITO: 201388,61.666666666667
30/09/2026,Marllon Thadeu - CREFITO: 201388,62.222222222222
30/09/2026,Marllon Thadeu - CREFITO: 201388,67.5
30/09/2026,Marllon Thadeu - CREFITO: 201388,62.916666666667
30/09/2026,Marllon Thadeu - CREFITO: 201388,62.222222222222
30/09/2026,Marllon Thadeu - CREFITO: 201388,59.166666666667
30/09/2026,Marllon Thadeu - CREFITO: 201388,58.125
30/09/2026,Marllon Thadeu - CREFITO: 201388,55.0
30/09/2026,Marllon Thadeu - CREFITO: 201388,59.166666666667
30/09/2026,Marllon Thadeu - CREFITO: 201388,300.0
30/09/2026,Marllon Thadeu - CREFITO: 201388,300.0
01/10/2026,Marllon Thadeu - CREFITO: 201388,275.0
01/10/2026,Marllon Thadeu - CREFITO: 201388,375.0
01/10/2026,Marllon Thadeu - CREFITO: 201388,56.0
01/10/2026,Marllon Thadeu - CREFITO: 201388,58.958333333333
01/10/2026,Marllon Thadeu - CREFITO: 201388,400.0
01/10/2026,Marllon Thadeu - CREFITO: 201388,275.0
01/10/2026,Marllon Thadeu - CREFITO: 201388,61.666666666667
02/10/2026,Marllon Thadeu - CREFITO: 201388,61.666666666667
02/10/2026,Marllon Thadeu - CREFITO: 201388,62.916666666667
02/10/2026,Marllon Thadeu - CREFITO: 201388,61.666666666667
02/10/2026,Marllon Thadeu - CREFITO: 201388,62.222222222222
02/10/2026,Marllon Thadeu - CREFITO: 201388,56.0
02/10/2026,Marllon Thadeu - CREFITO: 201388,62.916666666667
02/10/2026,Marllon Thadeu - CREFITO: 201388,62.222222222222
02/10/2026,Marllon Thadeu - CREFITO: 201388,62.222222222222
02/10/2026,Marllon Thadeu - CREFITO: 201388,58.125
02/10/2026,Marllon Thadeu - CREFITO: 201388,74.0
02/10/2026,Marllon Thadeu - CREFITO: 201388,59.166666666667
02/10/2026,Marllon Thadeu - CREFITO: 201388,59.166666666667
02/10/2026,Marllon Thadeu - CREFITO: 201388,59.166666666667
02/10/2026,Marllon Thadeu - CREFITO: 201388,49.5
02/10/2026,Marllon Thadeu - CREFITO: 201388,56.0
02/10/2026,Marllon Thadeu - CREFITO: 201388,59.166666666667
02/10/2026,Marllon Thadeu - CREFITO: 201388,275.0
03/10/2026,Marllon Thadeu - CREFITO: 201388,74.0
03/10/2026,Marllon Thadeu - CREFITO: 201388,67.5
03/10/2026,Marllon Thadeu - CREFITO: 201388,70.0
03/10/2026,Marllon Thadeu - CREFITO: 201388,70.0
03/10/2026,Marllon Thadeu - CREFITO: 201388,50.0
03/10/2026,Marllon Thadeu - CREFITO: 201388,62.5
03/10/2026,Marllon Thadeu - CREFITO: 201388,74.0
03/10/2026,Marllon Thadeu - CREFITO: 201388,0.0
05/10/2026,Marllon Thadeu - CREFITO: 201388,61.666666666667
05/10/2026,Marllon Thadeu - CREFITO: 201388,62.916666666667
05/10/2026,Marllon Thadeu - CREFITO: 201388,61.666666666667
05/10/2026,Marllon Thadeu - CREFITO: 201388,62.222222222222
05/10/2026,Marllon Thadeu - CREFITO: 201388,67.5
05/10/2026,Marllon Thadeu - CREFITO: 201388,59.166666666667
05/10/2026,Marllon Thadeu - CREFITO: 201388,62.916666666667
05/10/2026,Marllon Thadeu - CREFITO: 201388,62.222222222222
05/10/2026,Marllon Thadeu - CREFITO: 201388,62.916666666667
05/10/2026,Marllon Thadeu - CREFITO: 201388,67.5
